id,name,email
1,John Doe,john@example.com
2,Jane Doe,jane@example.com
3,Alice Smith,alice@example.com
4,Bob Johnson,bob@example.com
5,Charlie Brown,charlie@example.com
6,Diana Prince,diana@example.com
7,Edward Norton,edward@example.com
8,Francis Ford,francis@example.com
9,Grace Hopper,grace@example.com
10,Henry Ford,henry@example.com
11,Irene Adler,irene@example.com
12,Jack Sparrow,jack@example.com
13,Kate Winslet,kate@example.com
14,Liam Neeson,liam@example.com
15,Mona Lisa,mona@example.com
16,Nina Simone,nina@example.com
17,Oscar Wilde,oscar@example.com
18,Pamela Anderson,pamela@example.com
19,Quentin Tarantino,quentin@example.com
20,Rachel Green,rachel@example.com
21,Steve Jobs,steve@example.com
22,Tina Turner,tina@example.com
23,Ursula K. Le Guin,ursula@example.com
24,Vincent Van Gogh,vincent@example.com
25,Walt Disney,walt@example.com
26,Xena Warrior,xena@example.com
27,Yoda Jedi,yoda@example.com
28,Zack Morris,zack@example.com
29,Alice Cooper,alicecooper@example.com
30,Bruce Wayne,bruce@example.com
31,Catherine Zeta,catherine@example.com
32,Daniel Craig,daniel@example.com
33,Eva Green,eva@example.com
34,Freddie Mercury,freddie@example.com
35,Gina Davis,gina@example.com
36,Harrison Ford,harrison@example.com
37,Isla Fisher,isla@example.com
38,James Bond,james@example.com
39,Kathy Bates,kathy@example.com
40,Larry Page,larry@example.com
41,Meryl Streep,meryl@example.com
42,Nicolas Cage,nicolas@example.com
43,Oprah Winfrey,oprah@example.com
44,Penny Lane,penny@example.com
45,Quincy Jones,quincy@example.com
46,Rita Hayworth,rita@example.com
47,Sam Smith,sam@example.com
48,Ted Lasso,ted@example.com
49,Ulysses Grant,ulysses@example.com
50,Vera Wang,vera@example.com
51,Will Smith,will@example.com
52,Xander Harris,xander@example.com
53,Yasmine Bleeth,yasmine@example.com
54,Zoe Saldana,zoe@example.com
55,Ani DiFranco,ani@example.com
56,Ben Stiller,ben@example.com
57,Cleo Patra,cleo@example.com
58,Danny DeVito,danny@example.com
59,Ethan Hunt,ethan@example.com
60,Fiona Apple,fiona@example.com
61,Gordon Ramsay,gordon@example.com
62,Holly Golightly,holly@example.com
63,Ilana Glazer,ilana@example.com
64,Jasper Fforde,jasper@example.com
65,Kurt Cobain,kurt@example.com
66,Lana Del Rey,lana@example.com
67,Matt Damon,matt@example.com
68,Nate Silver,nate@example.com
69,Opal Tometi,opal@example.com
70,Pablo Picasso,pablo@example.com
71,Qing Yu,qing@example.com
72,Rick Sanchez,rick@example.com
73,Sofia Vergara,sofia@example.com
74,Tammy Wynette,tammy@example.com
75,Umberto Eco,umberto@example.com
76,Vladimir Putin,vladimir@example.com
77,Winnie the Pooh,winnie@example.com
78,Xiomara Castro,xiomara@example.com
79,Yuri Gagarin,yuri@example.com
80,Zara Larsson,zara@example.com
81,Avery Brooks,avery@example.com
82,Bella Hadid, bella@example.com
83,Cameron Diaz,cameron@example.com
84,Drew Barrymore,drew@example.com
85,Elle Woods,elle@example.com
86,Frank Sinatra,frank@example.com
87,Gabrielle Union,gabrielle@example.com
88,Hugh Jackman,hugh@example.com
89,Iggy Azalea,iggy@example.com
90,Justin Bieber,justin@example.com
91,Kylie Jenner,kylie@example.com
92,Liam Hemsworth,liam@example.com
93,Mila Kunis,mila@example.com
94,Nate Robinson,nate@example.com
95,Olivia Wilde,olivia@example.com
96,Phoebe Buffay,phoebe@example.com
97,Quinn Fabray,quinn@example.com
98,Rihanna Fenty,rihanna@example.com
99,Shania Twain,shania@example.com
100,Taylor Swift,taylor@example.com